Member number,Recommendation With Pattern
1003,"['other vegetables', 'rolls/buns', 'root vegetables', 'bottled water', 'sausage', 'whole milk']"
1005,"['rolls/buns', 'shopping bags', 'whipped/sour cream', 'brown bread', 'margarine', 'soda']"
1014,"['whole milk', 'yogurt', 'tropical fruit', 'sausage', 'pip fruit', 'rolls/buns']"
1016,"['other vegetables', 'rolls/buns', 'pip fruit', 'shopping bags', 'bottled beer', 'soda', 'whole milk']"
1018,"['rolls/buns', 'yogurt', 'root vegetables', 'tropical fruit', 'sausage', 'whole milk']"
1019,"['other vegetables', 'shopping bags', 'beef', 'hamburger meat', 'UHT-milk', 'soda']"
1024,"['other vegetables', 'root vegetables', 'tropical fruit', 'chicken', 'grapes', 'rolls/buns', 'soda']"
1025,"['yogurt', 'sausage', 'shopping bags', 'canned beer', 'coffee', 'whole milk', 'soda']"
1029,"['canned beer', 'frankfurter', 'beef', 'fruit/vegetable juice', 'dessert', 'other vegetables']"
1034,"['other vegetables', 'soda', 'tropical fruit', 'bottled water', 'bottled beer', 'whole milk']"
1036,"['whole milk', 'root vegetables', 'pastry', 'shopping bags', 'frankfurter', 'soda', 'other vegetables']"
1038,"['whole milk', 'other vegetables', 'root vegetables', 'sausage', 'pip fruit', 'rolls/buns']"
1041,"['yogurt', 'sausage', 'citrus fruit', 'pip fruit', 'shopping bags', 'whole milk', 'rolls/buns', 'soda']"
1044,"['other vegetables', 'root vegetables', 'sausage', 'bottled beer', 'canned beer', 'whole milk']"
1047,"['soda', 'bottled water', 'pip fruit', 'bottled beer', 'curd', 'rolls/buns', 'whole milk']"
1055,"['whole milk', 'soda', 'yogurt', 'bottled water', 'pork', 'other vegetables']"
1058,"['other vegetables', 'root vegetables', 'tropical fruit', 'sausage', 'dessert', 'whole milk']"
1059,"['whole milk', 'root vegetables', 'tropical fruit', 'sausage', 'pip fruit', 'rolls/buns']"
1073,"['yogurt', 'sausage', 'pip fruit', 'brown bread', 'domestic eggs', 'whole milk', 'rolls/buns']"
1074,"['whole milk', 'rolls/buns', 'root vegetables', 'sausage', 'shopping bags', 'soda']"
1078,"['rolls/buns', 'soda', 'yogurt', 'tropical fruit', 'sausage', 'whole milk']"
1079,"['whole milk', 'other vegetables', 'bottled water', 'citrus fruit', 'shopping bags', 'soda']"
1093,"['canned beer', 'frankfurter', 'beef', 'fruit/vegetable juice', 'frozen vegetables', 'other vegetables']"
1099,"['other vegetables', 'rolls/buns', 'yogurt', 'root vegetables', 'sausage', 'whole milk']"
1101,"['whole milk', 'other vegetables', 'rolls/buns', 'bottled water', 'shopping bags', 'soda']"
1103,"['yogurt', 'pastry', 'pip fruit', 'frankfurter', 'beef', 'rolls/buns', 'other vegetables']"
1105,"['whole milk', 'other vegetables', 'tropical fruit', 'bottled water', 'waffles', 'rolls/buns']"
1108,"['other vegetables', 'root vegetables', 'bottled water', 'sausage', 'citrus fruit', 'whole milk']"
1113,"['whole milk', 'yogurt', 'tropical fruit', 'pip fruit', 'bottled beer', 'rolls/buns']"
1115,"['other vegetables', 'yogurt', 'root vegetables', 'bottled water', 'shopping bags', 'soda']"
1124,"['soda', 'yogurt', 'sausage', 'bottled beer', 'newspapers', 'whole milk']"
1126,"['root vegetables', 'sausage', 'whipped/sour cream', 'newspapers', 'pork', 'whole milk', 'other vegetables']"
1128,"['other vegetables', 'rolls/buns', 'soda', 'root vegetables', 'sausage', 'whole milk']"
1129,"['whole milk', 'yogurt', 'beef', 'cream cheese ', 'frozen meals', 'soda']"
1132,"['whole milk', 'other vegetables', 'rolls/buns', 'shopping bags', 'bottled beer', 'soda']"
1135,"['other vegetables', 'soda', 'yogurt', 'root vegetables', 'sausage', 'whole milk']"
1145,"['other vegetables', 'soda', 'root vegetables', 'sausage', 'citrus fruit', 'whole milk']"
1147,"['rolls/buns', 'soda', 'citrus fruit', 'frankfurter', 'domestic eggs', 'other vegetables', 'whole milk']"
1151,"['soda', 'tropical fruit', 'sausage', 'pip fruit', 'shopping bags', 'whole milk', 'rolls/buns']"
1152,"['whole milk', 'soda', 'tropical fruit', 'pip fruit', 'frankfurter', 'rolls/buns', 'other vegetables']"
1159,"['bottled water', 'citrus fruit', 'domestic eggs', 'frozen vegetables', 'white bread', 'whole milk', 'other vegetables']"
1162,"['other vegetables', 'rolls/buns', 'yogurt', 'sausage', 'shopping bags', 'whole milk', 'soda']"
1167,"['other vegetables', 'rolls/buns', 'domestic eggs', 'coffee', 'hamburger meat', 'whole milk']"
1168,"['whole milk', 'soda', 'tropical fruit', 'sausage', 'pip fruit', 'rolls/buns']"
1179,"['rolls/buns', 'soda', 'sausage', 'shopping bags', 'domestic eggs', 'whole milk']"
1180,"['whole milk', 'rolls/buns', 'yogurt', 'citrus fruit', 'shopping bags', 'soda']"
1184,"['other vegetables', 'rolls/buns', 'root vegetables', 'pip fruit', 'bottled beer', 'whole milk']"
1186,"['other vegetables', 'soda', 'yogurt', 'domestic eggs', 'butter', 'whole milk']"
1187,"['soda', 'shopping bags', 'domestic eggs', 'onions', 'chewing gum', 'whole milk']"
1189,"['yogurt', 'tropical fruit', 'bottled water', 'sausage', 'citrus fruit', 'whole milk']"
1195,"['whole milk', 'other vegetables', 'citrus fruit', 'shopping bags', 'butter', 'soda']"
1201,"['whole milk', 'citrus fruit', 'domestic eggs', 'pork', 'misc. beverages', 'other vegetables']"
1209,"['other vegetables', 'rolls/buns', 'soda', 'yogurt', 'sausage', 'whole milk']"
1212,"['other vegetables', 'yogurt', 'root vegetables', 'tropical fruit', 'sausage', 'whole milk']"
1213,"['whole milk', 'other vegetables', 'root vegetables', 'pastry', 'pip fruit', 'rolls/buns']"
1214,"['whole milk', 'yogurt', 'tropical fruit', 'pip fruit', 'shopping bags', 'rolls/buns', 'soda']"
1224,"['sausage', 'pork', 'ham', 'specialty chocolate', 'cooking chocolate', 'whole milk', 'other vegetables']"
1232,"['yogurt', 'bottled water', 'pip fruit', 'bottled beer', 'whipped/sour cream', 'rolls/buns', 'whole milk']"
1238,"['rolls/buns', 'pip fruit', 'frankfurter', 'butter', 'margarine', 'other vegetables']"
1249,"['other vegetables', 'rolls/buns', 'soda', 'citrus fruit', 'bottled beer', 'whole milk']"
1260,"['yogurt', 'tropical fruit', 'bottled water', 'sausage', 'pip fruit', 'whole milk', 'rolls/buns']"
1261,"['whole milk', 'other vegetables', 'rolls/buns', 'shopping bags', 'bottled beer', 'soda']"
1262,"['whole milk', 'other vegetables', 'yogurt', 'butter', 'frozen meals', 'soda']"
1263,"['other vegetables', 'citrus fruit', 'bottled beer', 'coffee', 'dessert', 'whole milk']"
1270,"['other vegetables', 'rolls/buns', 'soda', 'tropical fruit', 'sausage', 'whole milk']"
1272,"['yogurt', 'root vegetables', 'shopping bags', 'canned beer', 'brown bread', 'soda']"
1273,"['whole milk', 'bottled water', 'pastry', 'pork', 'candy', 'other vegetables']"
1281,"['other vegetables', 'frankfurter', 'domestic eggs', 'margarine', 'hamburger meat', 'whole milk']"
1282,"['other vegetables', 'yogurt', 'root vegetables', 'citrus fruit', 'shopping bags', 'soda']"
1284,"['other vegetables', 'soda', 'frankfurter', 'margarine', 'waffles', 'rolls/buns']"
1287,"['whole milk', 'other vegetables', 'sausage', 'pip fruit', 'whipped/sour cream', 'rolls/buns']"
1292,"['whole milk', 'rolls/buns', 'whipped/sour cream', 'brown bread', 'pork', 'other vegetables']"
1298,"['rolls/buns', 'soda', 'yogurt', 'bottled water', 'sausage', 'whole milk']"
1300,"['yogurt', 'sausage', 'margarine', 'chicken', 'whole milk', 'rolls/buns']"
1304,"['rolls/buns', 'soda', 'root vegetables', 'sausage', 'bottled beer', 'whole milk']"
1307,"['other vegetables', 'yogurt', 'root vegetables', 'sausage', 'pastry', 'whole milk']"
1309,"['rolls/buns', 'tropical fruit', 'bottled water', 'sausage', 'pastry', 'whole milk']"
1314,"['other vegetables', 'canned beer', 'cream cheese ', 'ice cream', 'sparkling wine', 'rolls/buns']"
1316,"['citrus fruit', 'pip fruit', 'bottled beer', 'whipped/sour cream', 'curd', 'rolls/buns', 'whole milk']"
1319,"['whole milk', 'soda', 'yogurt', 'root vegetables', 'pip fruit', 'rolls/buns']"
1320,"['rolls/buns', 'yogurt', 'root vegetables', 'bottled water', 'bottled beer', 'whole milk']"
1321,"['soda', 'yogurt', 'bottled beer', 'beef', 'chocolate', 'whole milk']"
1322,"['rolls/buns', 'yogurt', 'root vegetables', 'pip fruit', 'bottled beer', 'whole milk']"
1325,"['soda', 'sausage', 'bottled beer', 'domestic eggs', 'butter', 'whole milk']"
1329,"['other vegetables', 'rolls/buns', 'root vegetables', 'tropical fruit', 'sausage', 'whole milk']"
1330,"['whole milk', 'soda', 'newspapers', 'pork', 'butter', 'other vegetables']"
1343,"['other vegetables', 'yogurt', 'pip fruit', 'shopping bags', 'frankfurter', 'rolls/buns', 'soda']"
1346,"['other vegetables', 'tropical fruit', 'pip fruit', 'shopping bags', 'whipped/sour cream', 'rolls/buns', 'soda']"
1348,"['soda', 'yogurt', 'bottled beer', 'newspapers', 'beef', 'whole milk']"
1349,"['other vegetables', 'root vegetables', 'pip fruit', 'frankfurter', 'domestic eggs', 'rolls/buns', 'whole milk']"
1352,"['root vegetables', 'tropical fruit', 'bottled water', 'bottled beer', 'brown bread', 'whole milk']"
1363,"['whole milk', 'rolls/buns', 'shopping bags', 'bottled beer', 'pork', 'soda', 'other vegetables']"
1364,"['other vegetables', 'soda', 'root vegetables', 'sausage', 'citrus fruit', 'whole milk']"
1368,"['bottled beer', 'beef', 'cream cheese ', 'onions', 'herbs', 'whole milk']"
1369,"['other vegetables', 'bottled water', 'sausage', 'whipped/sour cream', 'pork', 'whole milk']"
1370,"['whole milk', 'yogurt', 'newspapers', 'frankfurter', 'pork', 'other vegetables']"
1374,"['whole milk', 'other vegetables', 'bottled water', 'pip fruit', 'bottled beer', 'rolls/buns']"
1376,"['soda', 'root vegetables', 'sausage', 'citrus fruit', 'pastry', 'whole milk']"
1382,"['root vegetables', 'citrus fruit', 'pip fruit', 'pork', 'fruit/vegetable juice', 'rolls/buns', 'other vegetables']"
1385,"['whole milk', 'rolls/buns', 'bottled water', 'whipped/sour cream', 'pork', 'other vegetables']"
1387,"['whole milk', 'rolls/buns', 'bottled water', 'citrus fruit', 'shopping bags', 'soda']"
1388,"['soda', 'root vegetables', 'newspapers', 'ice cream', 'oil', 'rolls/buns', 'whole milk']"
1389,"['rolls/buns', 'soda', 'root vegetables', 'tropical fruit', 'sausage', 'whole milk']"
1399,"['other vegetables', 'yogurt', 'pastry', 'shopping bags', 'bottled beer', 'soda', 'whole milk']"
1401,"['rolls/buns', 'soda', 'sausage', 'napkins', 'semi-finished bread', 'whole milk']"
1405,"['whole milk', 'other vegetables', 'root vegetables', 'pip fruit', 'bottled beer', 'rolls/buns']"
1409,"['root vegetables', 'tropical fruit', 'sausage', 'dessert', 'frozen fish', 'whole milk']"
1411,"['other vegetables', 'citrus fruit', 'shopping bags', 'frankfurter', 'coffee', 'soda']"
1415,"['root vegetables', 'sausage', 'domestic eggs', 'cake bar', 'canned fruit', 'whole milk']"
1417,"['yogurt', 'root vegetables', 'tropical fruit', 'sausage', 'whipped/sour cream', 'whole milk']"
1426,"['yogurt', 'root vegetables', 'pip fruit', 'bottled beer', 'beef', 'rolls/buns', 'whole milk']"
1434,"['yogurt', 'citrus fruit', 'canned beer', 'frankfurter', 'domestic eggs', 'other vegetables', 'whole milk']"
1436,"['soda', 'root vegetables', 'bottled beer', 'beverages', 'chocolate marshmallow', 'whole milk']"
1443,"['other vegetables', 'root vegetables', 'bottled water', 'sausage', 'bottled beer', 'whole milk']"
1447,"['other vegetables', 'tropical fruit', 'misc. beverages', 'candy', 'canned fish', 'whole milk']"
1448,"['other vegetables', 'soda', 'bottled beer', 'frankfurter', 'domestic eggs', 'whole milk']"
1450,"['other vegetables', 'soda', 'root vegetables', 'bottled water', 'sausage', 'whole milk']"
1451,"['tropical fruit', 'bottled water', 'domestic eggs', 'fruit/vegetable juice', 'sugar', 'whole milk']"
1453,"['other vegetables', 'soda', 'sausage', 'citrus fruit', 'pip fruit', 'whole milk', 'rolls/buns']"
1454,"['rolls/buns', 'soda', 'yogurt', 'tropical fruit', 'sausage', 'whole milk']"
1459,"['whole milk', 'rolls/buns', 'citrus fruit', 'white bread', 'misc. beverages', 'other vegetables']"
1462,"['bottled water', 'whipped/sour cream', 'frankfurter', 'sugar', 'dish cleaner', 'other vegetables']"
1469,"['other vegetables', 'yogurt', 'coffee', 'salty snack', 'pot plants', 'rolls/buns']"
1478,"['other vegetables', 'yogurt', 'bottled water', 'pastry', 'shopping bags', 'soda']"
1481,"['whole milk', 'yogurt', 'pip fruit', 'curd', 'long life bakery product', 'rolls/buns']"
1484,"['whole milk', 'other vegetables', 'pip fruit', 'bottled beer', 'canned beer', 'rolls/buns']"
1495,"['other vegetables', 'root vegetables', 'sausage', 'frankfurter', 'fruit/vegetable juice', 'whole milk']"
1497,"['other vegetables', 'bottled water', 'sausage', 'pastry', 'domestic eggs', 'whole milk']"
1500,"['soda', 'yogurt', 'bottled beer', 'domestic eggs', 'hygiene articles', 'whole milk']"
1506,"['other vegetables', 'sausage', 'citrus fruit', 'pastry', 'fruit/vegetable juice', 'whole milk']"
1508,"['rolls/buns', 'yogurt', 'root vegetables', 'sausage', 'pip fruit', 'whole milk']"
1513,"['other vegetables', 'soda', 'yogurt', 'bottled water', 'sausage', 'whole milk']"
1523,"['other vegetables', 'rolls/buns', 'bottled water', 'sausage', 'citrus fruit', 'whole milk']"
1530,"['yogurt', 'pastry', 'frankfurter', 'fruit/vegetable juice', 'margarine', 'other vegetables']"
1531,"['soda', 'root vegetables', 'tropical fruit', 'sausage', 'meat', 'whole milk', 'other vegetables']"
1538,"['other vegetables', 'yogurt', 'root vegetables', 'tropical fruit', 'sausage', 'whole milk']"
1556,"['whole milk', 'bottled water', 'pip fruit', 'beef', 'curd', 'rolls/buns']"
1557,"['yogurt', 'brown bread', 'chocolate', 'waffles', 'specialty chocolate', 'rolls/buns']"
1558,"['domestic eggs', 'hamburger meat', 'long life bakery product', 'ice cream', 'herbs', 'whole milk', 'rolls/buns']"
1560,"['rolls/buns', 'yogurt', 'newspapers', 'white bread', 'dessert', 'other vegetables']"
1563,"['yogurt', 'citrus fruit', 'pastry', 'frankfurter', 'fruit/vegetable juice', 'other vegetables']"
1577,"['soda', 'bottled beer', 'newspapers', 'pork', 'butter', 'whole milk', 'other vegetables']"
1580,"['whole milk', 'other vegetables', 'tropical fruit', 'sausage', 'pip fruit', 'rolls/buns']"
1581,"['bottled water', 'citrus fruit', 'bottled beer', 'whipped/sour cream', 'newspapers', 'whole milk']"
1582,"['rolls/buns', 'yogurt', 'sausage', 'pip fruit', 'shopping bags', 'whole milk', 'soda']"
1586,"['rolls/buns', 'soda', 'bottled water', 'sausage', 'citrus fruit', 'whole milk']"
1610,"['other vegetables', 'yogurt', 'tropical fruit', 'sausage', 'pastry', 'whole milk']"
1623,"['rolls/buns', 'soda', 'yogurt', 'tropical fruit', 'sausage', 'whole milk']"
1627,"['rolls/buns', 'yogurt', 'root vegetables', 'sausage', 'pip fruit', 'whole milk']"
1629,"['rolls/buns', 'yogurt', 'tropical fruit', 'sausage', 'citrus fruit', 'whole milk']"
1630,"['rolls/buns', 'soda', 'yogurt', 'tropical fruit', 'sausage', 'whole milk']"
1631,"['tropical fruit', 'bottled water', 'pastry', 'domestic eggs', 'pork', 'whole milk', 'other vegetables']"
1636,"['other vegetables', 'soda', 'root vegetables', 'sausage', 'frankfurter', 'whole milk']"
1641,"['rolls/buns', 'yogurt', 'pastry', 'pip fruit', 'bottled beer', 'whole milk']"
1642,"['soda', 'yogurt', 'bottled water', 'sausage', 'pork', 'whole milk', 'other vegetables']"
1646,"['rolls/buns', 'soda', 'bottled water', 'sausage', 'pastry', 'whole milk']"
1657,"['whole milk', 'other vegetables', 'rolls/buns', 'napkins', 'frozen meals', 'soda']"
1658,"['yogurt', 'root vegetables', 'citrus fruit', 'canned beer', 'pork', 'other vegetables']"
1666,"['whole milk', 'sausage', 'pip fruit', 'shopping bags', 'fruit/vegetable juice', 'rolls/buns', 'soda']"
1673,"['citrus fruit', 'pip fruit', 'pork', 'grapes', 'rolls/buns', 'other vegetables', 'soda']"
1676,"['other vegetables', 'soda', 'yogurt', 'root vegetables', 'sausage', 'whole milk']"
1680,"['soda', 'tropical fruit', 'bottled water', 'pastry', 'pip fruit', 'rolls/buns']"
1687,"['other vegetables', 'rolls/buns', 'soda', 'sausage', 'pastry', 'whole milk']"
1699,"['tropical fruit', 'citrus fruit', 'pastry', 'pip fruit', 'whipped/sour cream', 'rolls/buns']"
1700,"['whole milk', 'other vegetables', 'yogurt', 'pip fruit', 'shopping bags', 'rolls/buns', 'soda']"
1701,"['soda', 'canned beer', 'ice cream', 'specialty bar', 'photo/film', 'rolls/buns']"
1702,"['whole milk', 'other vegetables', 'soda', 'yogurt', 'pip fruit', 'rolls/buns']"
1717,"['whole milk', 'rolls/buns', 'pip fruit', 'canned beer', 'frankfurter', 'other vegetables']"
1718,"['whole milk', 'rolls/buns', 'bottled water', 'domestic eggs', 'pork', 'other vegetables']"
1721,"['rolls/buns', 'soda', 'bottled water', 'sausage', 'brown bread', 'whole milk']"
1732,"['whole milk', 'rolls/buns', 'yogurt', 'citrus fruit', 'shopping bags', 'soda']"
1735,"['other vegetables', 'rolls/buns', 'soda', 'yogurt', 'sausage', 'whole milk']"
1742,"['rolls/buns', 'soda', 'sausage', 'citrus fruit', 'bottled beer', 'whole milk']"
1744,"['soda', 'yogurt', 'bottled beer', 'beef', 'chocolate', 'whole milk']"
1752,"['other vegetables', 'rolls/buns', 'yogurt', 'shopping bags', 'canned beer', 'soda']"
1755,"['whole milk', 'rolls/buns', 'soda', 'shopping bags', 'pork', 'other vegetables']"
1760,"['soda', 'sausage', 'fruit/vegetable juice', 'curd', 'margarine', 'whole milk']"
1762,"['other vegetables', 'citrus fruit', 'shopping bags', 'bottled beer', 'newspapers', 'soda', 'whole milk']"
1763,"['soda', 'pastry', 'frankfurter', 'domestic eggs', 'pork', 'other vegetables', 'whole milk']"
1766,"['tropical fruit', 'canned beer', 'domestic eggs', 'napkins', 'specialty chocolate', 'whole milk']"
1769,"['rolls/buns', 'bottled beer', 'canned beer', 'frankfurter', 'butter', 'whole milk', 'other vegetables']"
1772,"['whole milk', 'rolls/buns', 'yogurt', 'sausage', 'shopping bags', 'soda']"
1774,"['other vegetables', 'rolls/buns', 'root vegetables', 'shopping bags', 'bottled beer', 'soda', 'whole milk']"
1781,"['yogurt', 'tropical fruit', 'bottled water', 'sausage', 'shopping bags', 'whole milk', 'soda']"
1790,"['whole milk', 'other vegetables', 'root vegetables', 'sausage', 'shopping bags', 'soda']"
1791,"['tropical fruit', 'bottled water', 'bottled beer', 'domestic eggs', 'sliced cheese', 'whole milk']"
1794,"['soda', 'yogurt', 'pip fruit', 'bottled beer', 'beef', 'rolls/buns', 'whole milk']"
1795,"['root vegetables', 'bottled water', 'pork', 'beef', 'napkins', 'other vegetables']"
1805,"['other vegetables', 'rolls/buns', 'soda', 'sausage', 'citrus fruit', 'whole milk']"
1812,"['other vegetables', 'yogurt', 'bottled water', 'sausage', 'butter', 'whole milk']"
1819,"['rolls/buns', 'soda', 'root vegetables', 'tropical fruit', 'sausage', 'whole milk']"
1820,"['rolls/buns', 'soda', 'root vegetables', 'sausage', 'citrus fruit', 'whole milk']"
1824,"['soda', 'yogurt', 'citrus fruit', 'bottled beer', 'canned beer', 'whole milk']"
1826,"['rolls/buns', 'soda', 'sausage', 'napkins', 'semi-finished bread', 'whole milk']"
1828,"['other vegetables', 'rolls/buns', 'root vegetables', 'tropical fruit', 'sausage', 'whole milk']"
1834,"['other vegetables', 'root vegetables', 'sausage', 'citrus fruit', 'pastry', 'whole milk']"
1836,"['soda', 'yogurt', 'citrus fruit', 'pip fruit', 'bottled beer', 'rolls/buns', 'whole milk']"
1839,"['tropical fruit', 'bottled water', 'pastry', 'shopping bags', 'domestic eggs', 'soda', 'whole milk']"
1841,"['whole milk', 'rolls/buns', 'pip fruit', 'frankfurter', 'margarine', 'other vegetables']"
1851,"['whole milk', 'root vegetables', 'frankfurter', 'fruit/vegetable juice', 'berries', 'other vegetables']"
1854,"['soda', 'tropical fruit', 'bottled water', 'sausage', 'shopping bags', 'whole milk']"
1857,"['other vegetables', 'soda', 'sausage', 'pip fruit', 'frankfurter', 'whole milk', 'rolls/buns']"
1860,"['other vegetables', 'rolls/buns', 'soda', 'sausage', 'chicken', 'whole milk']"
1861,"['other vegetables', 'bottled water', 'citrus fruit', 'beef', 'ham', 'whole milk']"
1864,"['whole milk', 'yogurt', 'root vegetables', 'shopping bags', 'canned beer', 'soda']"
1869,"['soda', 'yogurt', 'root vegetables', 'tropical fruit', 'sausage', 'whole milk']"
1880,"['other vegetables', 'citrus fruit', 'bottled beer', 'frankfurter', 'frozen meals', 'whole milk', 'soda']"
1883,"['whole milk', 'pastry', 'pip fruit', 'domestic eggs', 'pork', 'rolls/buns', 'other vegetables']"
1890,"['whole milk', 'rolls/buns', 'bottled water', 'shopping bags', 'pork', 'soda', 'other vegetables']"
1897,"['rolls/buns', 'soda', 'root vegetables', 'sausage', 'citrus fruit', 'whole milk']"
1903,"['rolls/buns', 'yogurt', 'tropical fruit', 'sausage', 'pip fruit', 'whole milk']"
1904,"['whole milk', 'soda', 'yogurt', 'citrus fruit', 'pip fruit', 'rolls/buns']"
1907,"['rolls/buns', 'soda', 'yogurt', 'bottled water', 'sausage', 'whole milk']"
1912,"['bottled water', 'sausage', 'pip fruit', 'pork', 'beef', 'whole milk', 'rolls/buns', 'other vegetables']"
1914,"['other vegetables', 'rolls/buns', 'root vegetables', 'sausage', 'canned beer', 'whole milk']"
1916,"['rolls/buns', 'citrus fruit', 'pip fruit', 'newspapers', 'frankfurter', 'other vegetables']"
1927,"['other vegetables', 'yogurt', 'tropical fruit', 'pastry', 'pip fruit', 'rolls/buns']"
1933,"['rolls/buns', 'yogurt', 'white bread', 'salty snack', 'pickled vegetables', 'other vegetables']"
1955,"['rolls/buns', 'soda', 'sausage', 'chicken', 'napkins', 'whole milk']"
1956,"['whole milk', 'other vegetables', 'yogurt', 'tropical fruit', 'pip fruit', 'rolls/buns']"
1962,"['other vegetables', 'rolls/buns', 'soda', 'sausage', 'citrus fruit', 'whole milk']"
1973,"['bottled beer', 'beef', 'cream cheese ', 'onions', 'soft cheese', 'whole milk']"
1988,"['tropical fruit', 'bottled water', 'pip fruit', 'bottled beer', 'whipped/sour cream', 'rolls/buns', 'whole milk']"
1992,"['other vegetables', 'rolls/buns', 'pastry', 'pip fruit', 'shopping bags', 'soda']"
2000,"['bottled beer', 'whipped/sour cream', 'pork', 'fruit/vegetable juice', 'oil', 'whole milk', 'other vegetables']"
2002,"['other vegetables', 'bottled beer', 'pork', 'frozen vegetables', 'liquor', 'whole milk']"
2004,"['other vegetables', 'yogurt', 'tropical fruit', 'sausage', 'pastry', 'whole milk']"
2006,"['onions', 'chewing gum', 'white wine', 'soft cheese', 'frozen potato products', 'whole milk']"
2016,"['other vegetables', 'root vegetables', 'tropical fruit', 'pip fruit', 'whipped/sour cream', 'rolls/buns']"
2027,"['other vegetables', 'rolls/buns', 'domestic eggs', 'coffee', 'cling film/bags', 'whole milk']"
2030,"['soda', 'tropical fruit', 'shopping bags', 'newspapers', 'pork', 'other vegetables']"
2032,"['other vegetables', 'soda', 'pastry', 'bottled beer', 'whipped/sour cream', 'whole milk']"
2037,"['soda', 'bottled water', 'sausage', 'citrus fruit', 'pastry', 'whole milk']"
2047,"['soda', 'yogurt', 'tropical fruit', 'bottled water', 'sausage', 'whole milk']"
2050,"['rolls/buns', 'shopping bags', 'bottled beer', 'whipped/sour cream', 'brown bread', 'soda', 'whole milk']"
2053,"['rolls/buns', 'citrus fruit', 'coffee', 'cream cheese ', 'candy', 'whole milk']"
2060,"['other vegetables', 'pip fruit', 'canned beer', 'brown bread', 'chicken', 'rolls/buns']"
2071,"['whole milk', 'other vegetables', 'citrus fruit', 'pastry', 'pip fruit', 'rolls/buns']"
2075,"['other vegetables', 'soda', 'root vegetables', 'sausage', 'citrus fruit', 'whole milk']"
2076,"['whole milk', 'other vegetables', 'rolls/buns', 'root vegetables', 'shopping bags', 'soda']"
2078,"['whole milk', 'soda', 'tropical fruit', 'pip fruit', 'shopping bags', 'rolls/buns']"
2081,"['yogurt', 'pip fruit', 'shopping bags', 'whipped/sour cream', 'brown bread', 'rolls/buns', 'soda']"
2085,"['whole milk', 'soda', 'bottled water', 'pip fruit', 'domestic eggs', 'rolls/buns']"
2094,"['whole milk', 'other vegetables', 'bottled water', 'waffles', 'red/blush wine', 'rolls/buns']"
2095,"['whole milk', 'sausage', 'pastry', 'pip fruit', 'shopping bags', 'rolls/buns', 'soda']"
2096,"['rolls/buns', 'soda', 'sausage', 'napkins', 'semi-finished bread', 'whole milk']"
2105,"['root vegetables', 'tropical fruit', 'bottled water', 'bottled beer', 'brown bread', 'whole milk']"
2109,"['tropical fruit', 'bottled water', 'bottled beer', 'whipped/sour cream', 'frozen meals', 'whole milk', 'soda']"
2111,"['whole milk', 'other vegetables', 'root vegetables', 'tropical fruit', 'pip fruit', 'rolls/buns']"
2115,"['other vegetables', 'rolls/buns', 'soda', 'sausage', 'citrus fruit', 'whole milk']"
2118,"['other vegetables', 'yogurt', 'tropical fruit', 'bottled water', 'sausage', 'whole milk']"
2134,"['whole milk', 'soda', 'bottled beer', 'newspapers', 'pork', 'other vegetables']"
2135,"['soda', 'root vegetables', 'sausage', 'canned beer', 'newspapers', 'whole milk']"
2137,"['other vegetables', 'root vegetables', 'sausage', 'citrus fruit', 'shopping bags', 'whole milk', 'soda']"
2149,"['whole milk', 'other vegetables', 'root vegetables', 'pip fruit', 'canned beer', 'rolls/buns']"
2153,"['soda', 'shopping bags', 'domestic eggs', 'onions', 'frozen meals', 'whole milk']"
2165,"['other vegetables', 'soda', 'yogurt', 'citrus fruit', 'bottled beer', 'whole milk']"
2172,"['yogurt', 'citrus fruit', 'frankfurter', 'white bread', 'sugar', 'other vegetables']"
2174,"['other vegetables', 'rolls/buns', 'root vegetables', 'canned beer', 'domestic eggs', 'whole milk']"
2179,"['other vegetables', 'soda', 'sausage', 'pip fruit', 'newspapers', 'whole milk', 'rolls/buns']"
2183,"['whole milk', 'yogurt', 'whipped/sour cream', 'frankfurter', 'domestic eggs', 'other vegetables']"
2191,"['whole milk', 'yogurt', 'root vegetables', 'pip fruit', 'bottled beer', 'rolls/buns']"
2192,"['rolls/buns', 'soda', 'frankfurter', 'waffles', 'salty snack', 'other vegetables']"
2198,"['rolls/buns', 'soda', 'sausage', 'shopping bags', 'newspapers', 'whole milk']"
2199,"['rolls/buns', 'soda', 'citrus fruit', 'coffee', 'candy', 'whole milk']"
2200,"['citrus fruit', 'pip fruit', 'pork', 'beef', 'fruit/vegetable juice', 'rolls/buns', 'other vegetables']"
2208,"['soda', 'yogurt', 'tropical fruit', 'whipped/sour cream', 'frankfurter', 'other vegetables']"
2211,"['whole milk', 'tropical fruit', 'citrus fruit', 'pip fruit', 'bottled beer', 'rolls/buns']"
2216,"['other vegetables', 'tropical fruit', 'misc. beverages', 'candy', 'canned fish', 'whole milk']"
2220,"['yogurt', 'root vegetables', 'tropical fruit', 'sausage', 'citrus fruit', 'whole milk']"
2228,"['bottled water', 'whipped/sour cream', 'waffles', 'sugar', 'hygiene articles', 'rolls/buns']"
2232,"['other vegetables', 'bottled water', 'sausage', 'citrus fruit', 'bottled beer', 'whole milk']"
2240,"['citrus fruit', 'pastry', 'pip fruit', 'bottled beer', 'canned beer', 'rolls/buns', 'whole milk']"
2247,"['other vegetables', 'root vegetables', 'bottled water', 'sausage', 'citrus fruit', 'whole milk']"
2256,"['root vegetables', 'pastry', 'whipped/sour cream', 'brown bread', 'domestic eggs', 'whole milk']"
2260,"['whole milk', 'soda', 'bottled water', 'pip fruit', 'domestic eggs', 'rolls/buns']"
2263,"['whole milk', 'shopping bags', 'frankfurter', 'domestic eggs', 'coffee', 'soda', 'other vegetables']"
2275,"['whole milk', 'rolls/buns', 'yogurt', 'shopping bags', 'coffee', 'soda']"
2285,"['tropical fruit', 'pastry', 'canned beer', 'white bread', 'sliced cheese', 'other vegetables']"
2286,"['whole milk', 'other vegetables', 'pip fruit', 'canned beer', 'newspapers', 'rolls/buns']"
2291,"['other vegetables', 'rolls/buns', 'tropical fruit', 'sausage', 'citrus fruit', 'whole milk']"
2296,"['other vegetables', 'domestic eggs', 'ham', 'hard cheese', 'whole milk', 'yogurt']"
2297,"['shopping bags', 'frankfurter', 'coffee', 'UHT-milk', 'salty snack', 'soda', 'other vegetables', 'rolls/buns']"
2299,"['whole milk', 'yogurt', 'root vegetables', 'citrus fruit', 'shopping bags', 'soda']"
2300,"['other vegetables', 'root vegetables', 'sausage', 'citrus fruit', 'shopping bags', 'whole milk', 'soda']"
2306,"['rolls/buns', 'bottled water', 'sausage', 'citrus fruit', 'pastry', 'whole milk']"
2316,"['other vegetables', 'yogurt', 'tropical fruit', 'bottled water', 'sausage', 'whole milk']"
2322,"['whole milk', 'soda', 'root vegetables', 'pip fruit', 'newspapers', 'rolls/buns']"
2323,"['whole milk', 'soda', 'yogurt', 'pip fruit', 'newspapers', 'rolls/buns']"
2330,"['whole milk', 'yogurt', 'sausage', 'pastry', 'pip fruit', 'rolls/buns']"
2336,"['whole milk', 'other vegetables', 'rolls/buns', 'tropical fruit', 'shopping bags', 'soda']"
2338,"['whole milk', 'other vegetables', 'soda', 'sausage', 'pip fruit', 'rolls/buns']"
2339,"['whole milk', 'bottled water', 'sausage', 'pip fruit', 'brown bread', 'rolls/buns']"
2352,"['rolls/buns', 'yogurt', 'sausage', 'pip fruit', 'shopping bags', 'whole milk', 'soda']"
2353,"['other vegetables', 'rolls/buns', 'soda', 'yogurt', 'sausage', 'whole milk']"
2378,"['other vegetables', 'soda', 'pastry', 'bottled beer', 'whipped/sour cream', 'whole milk']"
2392,"['whole milk', 'other vegetables', 'soda', 'sausage', 'pip fruit', 'rolls/buns']"
2404,"['yogurt', 'sausage', 'pip fruit', 'shopping bags', 'beef', 'whole milk', 'rolls/buns', 'soda']"
2412,"['rolls/buns', 'soda', 'sausage', 'napkins', 'cereals', 'whole milk']"
2415,"['other vegetables', 'sausage', 'citrus fruit', 'pastry', 'shopping bags', 'whole milk', 'soda']"
2429,"['whole milk', 'other vegetables', 'sausage', 'pastry', 'pip fruit', 'rolls/buns']"
2438,"['rolls/buns', 'citrus fruit', 'pip fruit', 'pork', 'grapes', 'other vegetables', 'soda']"
2439,"['whole milk', 'other vegetables', 'bottled water', 'pastry', 'pip fruit', 'rolls/buns']"
2449,"['whole milk', 'soda', 'yogurt', 'tropical fruit', 'pip fruit', 'rolls/buns']"
2450,"['whole milk', 'root vegetables', 'citrus fruit', 'shopping bags', 'bottled beer', 'soda']"
2458,"['root vegetables', 'tropical fruit', 'pip fruit', 'frozen meals', 'cat food', 'rolls/buns', 'soda']"
2462,"['bottled water', 'pastry', 'bottled beer', 'brown bread', 'pork', 'whole milk', 'other vegetables']"
2463,"['whole milk', 'soda', 'newspapers', 'pork', 'curd', 'other vegetables']"
2464,"['other vegetables', 'rolls/buns', 'yogurt', 'sausage', 'citrus fruit', 'whole milk']"
2474,"['root vegetables', 'bottled water', 'citrus fruit', 'pork', 'frozen vegetables', 'other vegetables']"
2476,"['other vegetables', 'soda', 'root vegetables', 'bottled water', 'sausage', 'whole milk']"
2478,"['other vegetables', 'soda', 'sausage', 'citrus fruit', 'bottled beer', 'whole milk']"
2482,"['whole milk', 'root vegetables', 'pastry', 'shopping bags', 'frankfurter', 'soda', 'other vegetables']"
2483,"['other vegetables', 'soda', 'root vegetables', 'sausage', 'citrus fruit', 'whole milk']"
2485,"['other vegetables', 'rolls/buns', 'yogurt', 'sausage', 'pip fruit', 'whole milk']"
2489,"['whole milk', 'other vegetables', 'rolls/buns', 'citrus fruit', 'shopping bags', 'soda']"
2490,"['rolls/buns', 'soda', 'bottled water', 'sausage', 'brown bread', 'whole milk']"
2496,"['other vegetables', 'tropical fruit', 'citrus fruit', 'shopping bags', 'canned beer', 'soda']"
2501,"['other vegetables', 'bottled water', 'sausage', 'whipped/sour cream', 'pork', 'whole milk']"
2528,"['rolls/buns', 'soda', 'yogurt', 'tropical fruit', 'sausage', 'whole milk']"
2541,"['tropical fruit', 'domestic eggs', 'margarine', 'napkins', 'frozen meals', 'whole milk', 'soda']"
2557,"['rolls/buns', 'bottled water', 'sausage', 'shopping bags', 'whipped/sour cream', 'whole milk', 'soda']"
2562,"['other vegetables', 'yogurt', 'root vegetables', 'bottled water', 'sausage', 'whole milk']"
2564,"['rolls/buns', 'soda', 'frankfurter', 'fruit/vegetable juice', 'curd', 'other vegetables']"
2567,"['whole milk', 'rolls/buns', 'citrus fruit', 'brown bread', 'grapes', 'soda']"
2569,"['whole milk', 'rolls/buns', 'yogurt', 'shopping bags', 'whipped/sour cream', 'soda']"
2583,"['rolls/buns', 'tropical fruit', 'bottled water', 'sausage', 'pip fruit', 'whole milk']"
2586,"['whole milk', 'other vegetables', 'rolls/buns', 'tropical fruit', 'shopping bags', 'soda']"
2593,"['sausage', 'shopping bags', 'canned beer', 'curd', 'coffee', 'whole milk', 'soda']"
2603,"['soda', 'yogurt', 'pip fruit', 'shopping bags', 'dessert', 'rolls/buns']"
2616,"['whole milk', 'soda', 'yogurt', 'pip fruit', 'newspapers', 'rolls/buns']"
2619,"['other vegetables', 'yogurt', 'root vegetables', 'citrus fruit', 'shopping bags', 'soda']"
2622,"['other vegetables', 'rolls/buns', 'soda', 'root vegetables', 'sausage', 'whole milk']"
2628,"['other vegetables', 'root vegetables', 'newspapers', 'domestic eggs', 'berries', 'whole milk']"
2636,"['other vegetables', 'rolls/buns', 'yogurt', 'sausage', 'pastry', 'whole milk']"
2639,"['other vegetables', 'sausage', 'citrus fruit', 'frankfurter', 'fruit/vegetable juice', 'whole milk']"
2644,"['root vegetables', 'sausage', 'pip fruit', 'shopping bags', 'whipped/sour cream', 'whole milk', 'rolls/buns', 'soda']"
2651,"['yogurt', 'root vegetables', 'tropical fruit', 'sausage', 'shopping bags', 'whole milk', 'soda']"
2657,"['root vegetables', 'tropical fruit', 'bottled water', 'citrus fruit', 'bottled beer', 'whole milk']"
2658,"['rolls/buns', 'yogurt', 'root vegetables', 'sausage', 'pip fruit', 'whole milk']"
2659,"['other vegetables', 'tropical fruit', 'pip fruit', 'shopping bags', 'whipped/sour cream', 'rolls/buns', 'soda']"
2664,"['whole milk', 'yogurt', 'citrus fruit', 'shopping bags', 'domestic eggs', 'soda']"
2667,"['other vegetables', 'shopping bags', 'frankfurter', 'beef', 'frozen vegetables', 'soda']"
2669,"['rolls/buns', 'bottled water', 'pastry', 'shopping bags', 'bottled beer', 'soda', 'whole milk']"
2671,"['whole milk', 'bottled water', 'citrus fruit', 'pastry', 'pip fruit', 'rolls/buns']"
2674,"['whole milk', 'other vegetables', 'root vegetables', 'chicken', 'grapes', 'rolls/buns', 'soda']"
2679,"['rolls/buns', 'soda', 'frankfurter', 'salty snack', 'butter milk', 'other vegetables']"
2680,"['other vegetables', 'rolls/buns', 'root vegetables', 'sausage', 'citrus fruit', 'whole milk']"
2681,"['bottled water', 'pastry', 'pork', 'fruit/vegetable juice', 'cream cheese ', 'other vegetables']"
2700,"['soda', 'yogurt', 'tropical fruit', 'sausage', 'citrus fruit', 'whole milk']"
2702,"['other vegetables', 'rolls/buns', 'tropical fruit', 'bottled water', 'sausage', 'whole milk']"
2704,"['whole milk', 'bottled water', 'sausage', 'canned beer', 'frankfurter', 'other vegetables']"
2705,"['whole milk', 'yogurt', 'root vegetables', 'shopping bags', 'domestic eggs', 'soda']"
2715,"['other vegetables', 'rolls/buns', 'yogurt', 'root vegetables', 'sausage', 'whole milk']"
2726,"['other vegetables', 'rolls/buns', 'yogurt', 'root vegetables', 'shopping bags', 'soda']"
2731,"['root vegetables', 'tropical fruit', 'bottled water', 'newspapers', 'ice cream', 'rolls/buns']"
2732,"['other vegetables', 'yogurt', 'root vegetables', 'pastry', 'pip fruit', 'rolls/buns']"
2754,"['whole milk', 'soda', 'yogurt', 'sausage', 'frankfurter', 'other vegetables']"
2761,"['other vegetables', 'bottled water', 'pastry', 'shopping bags', 'bottled beer', 'soda', 'whole milk']"
2763,"['whole milk', 'rolls/buns', 'yogurt', 'root vegetables', 'shopping bags', 'soda']"
2765,"['other vegetables', 'rolls/buns', 'root vegetables', 'tropical fruit', 'domestic eggs', 'whole milk']"
2767,"['other vegetables', 'root vegetables', 'bottled water', 'sausage', 'brown bread', 'whole milk']"
2773,"['root vegetables', 'tropical fruit', 'frankfurter', 'margarine', 'sliced cheese', 'other vegetables']"
2776,"['other vegetables', 'tropical fruit', 'pastry', 'pip fruit', 'shopping bags', 'rolls/buns', 'soda']"
2784,"['other vegetables', 'soda', 'yogurt', 'tropical fruit', 'sausage', 'whole milk']"
2802,"['whole milk', 'yogurt', 'bottled beer', 'frankfurter', 'beef', 'other vegetables']"
2815,"['other vegetables', 'rolls/buns', 'root vegetables', 'tropical fruit', 'sausage', 'whole milk']"
2817,"['soda', 'yogurt', 'bottled water', 'pastry', 'frankfurter', 'other vegetables']"
2836,"['rolls/buns', 'root vegetables', 'tropical fruit', 'sausage', 'shopping bags', 'whole milk', 'soda']"
2841,"['other vegetables', 'sausage', 'domestic eggs', 'hamburger meat', 'finished products', 'whole milk']"
2846,"['other vegetables', 'yogurt', 'tropical fruit', 'pip fruit', 'shopping bags', 'rolls/buns', 'soda']"
2854,"['whole milk', 'other vegetables', 'rolls/buns', 'pip fruit', 'shopping bags', 'soda']"
2856,"['other vegetables', 'shopping bags', 'butter', 'coffee', 'UHT-milk', 'soda']"
2858,"['whole milk', 'soda', 'bottled water', 'pip fruit', 'beef', 'rolls/buns']"
2859,"['other vegetables', 'brown bread', 'salty snack', 'grapes', 'rolls/buns', 'soda']"
2877,"['whole milk', 'yogurt', 'root vegetables', 'tropical fruit', 'pip fruit', 'rolls/buns']"
2880,"['soda', 'yogurt', 'sausage', 'bottled beer', 'whipped/sour cream', 'whole milk']"
2882,"['other vegetables', 'rolls/buns', 'tropical fruit', 'sausage', 'citrus fruit', 'whole milk']"
2886,"['whole milk', 'other vegetables', 'tropical fruit', 'pip fruit', 'domestic eggs', 'rolls/buns']"
2890,"['rolls/buns', 'tropical fruit', 'bottled water', 'shopping bags', 'newspapers', 'soda']"
2891,"['other vegetables', 'rolls/buns', 'root vegetables', 'sausage', 'shopping bags', 'whole milk', 'soda']"
2906,"['whole milk', 'other vegetables', 'yogurt', 'bottled water', 'pip fruit', 'rolls/buns']"
2908,"['rolls/buns', 'yogurt', 'sausage', 'pip fruit', 'canned beer', 'whole milk']"
2911,"['other vegetables', 'domestic eggs', 'ham', 'hard cheese', 'whole milk', 'yogurt']"
2917,"['other vegetables', 'rolls/buns', 'yogurt', 'root vegetables', 'bottled beer', 'whole milk']"
2919,"['other vegetables', 'rolls/buns', 'soda', 'sausage', 'pip fruit', 'whole milk']"
2922,"['whole milk', 'other vegetables', 'soda', 'pip fruit', 'pork', 'rolls/buns']"
2923,"['other vegetables', 'yogurt', 'sausage', 'whipped/sour cream', 'brown bread', 'whole milk']"
2926,"['soda', 'pip fruit', 'domestic eggs', 'chocolate', 'frozen meals', 'rolls/buns', 'whole milk']"
2928,"['root vegetables', 'bottled water', 'pip fruit', 'canned beer', 'brown bread', 'rolls/buns']"
2931,"['soda', 'yogurt', 'bottled water', 'pip fruit', 'white bread', 'rolls/buns', 'other vegetables']"
2933,"['soda', 'tropical fruit', 'bottled water', 'pip fruit', 'bottled beer', 'rolls/buns', 'whole milk']"
2938,"['whole milk', 'tropical fruit', 'pip fruit', 'shopping bags', 'butter', 'rolls/buns', 'soda']"
2940,"['rolls/buns', 'yogurt', 'root vegetables', 'shopping bags', 'canned beer', 'soda']"
2944,"['rolls/buns', 'yogurt', 'root vegetables', 'tropical fruit', 'sausage', 'whole milk']"
2947,"['yogurt', 'tropical fruit', 'sausage', 'citrus fruit', 'pip fruit', 'whole milk', 'rolls/buns']"
2954,"['rolls/buns', 'root vegetables', 'sausage', 'pastry', 'shopping bags', 'whole milk', 'soda']"
2962,"['other vegetables', 'root vegetables', 'tropical fruit', 'bottled water', 'sausage', 'whole milk']"
2963,"['yogurt', 'bottled water', 'citrus fruit', 'pastry', 'domestic eggs', 'whole milk']"
2965,"['rolls/buns', 'tropical fruit', 'bottled water', 'shopping bags', 'bottled beer', 'soda', 'whole milk']"
2967,"['whole milk', 'yogurt', 'citrus fruit', 'canned beer', 'frankfurter', 'other vegetables']"
2969,"['whole milk', 'other vegetables', 'soda', 'pip fruit', 'whipped/sour cream', 'rolls/buns']"
2971,"['other vegetables', 'yogurt', 'citrus fruit', 'pastry', 'shopping bags', 'soda']"
2972,"['whole milk', 'other vegetables', 'root vegetables', 'pip fruit', 'canned beer', 'rolls/buns']"
2976,"['other vegetables', 'yogurt', 'citrus fruit', 'shopping bags', 'bottled beer', 'soda', 'whole milk']"
2980,"['shopping bags', 'coffee', 'UHT-milk', 'specialty bar', 'pet care', 'soda']"
2987,"['whole milk', 'sausage', 'pastry', 'pork', 'misc. beverages', 'other vegetables']"
2992,"['rolls/buns', 'yogurt', 'bottled water', 'sausage', 'hamburger meat', 'whole milk']"
2993,"['other vegetables', 'soda', 'pip fruit', 'bottled beer', 'whipped/sour cream', 'rolls/buns', 'whole milk']"
2995,"['other vegetables', 'bottled water', 'shopping bags', 'newspapers', 'frankfurter', 'soda']"
3001,"['whole milk', 'yogurt', 'root vegetables', 'sausage', 'pip fruit', 'rolls/buns']"
3004,"['soda', 'pip fruit', 'shopping bags', 'domestic eggs', 'chocolate', 'rolls/buns', 'whole milk']"
3006,"['other vegetables', 'yogurt', 'root vegetables', 'pip fruit', 'shopping bags', 'rolls/buns', 'soda']"
3008,"['whole milk', 'other vegetables', 'root vegetables', 'pip fruit', 'whipped/sour cream', 'rolls/buns']"
3015,"['other vegetables', 'root vegetables', 'sausage', 'coffee', 'margarine', 'whole milk']"
3016,"['rolls/buns', 'yogurt', 'root vegetables', 'bottled water', 'bottled beer', 'whole milk']"
3023,"['rolls/buns', 'root vegetables', 'pip fruit', 'shopping bags', 'bottled beer', 'soda', 'whole milk']"
3032,"['whole milk', 'yogurt', 'frankfurter', 'domestic eggs', 'pork', 'other vegetables']"
3033,"['other vegetables', 'soda', 'tropical fruit', 'bottled water', 'domestic eggs', 'whole milk']"
3037,"['whole milk', 'other vegetables', 'tropical fruit', 'bottled water', 'pip fruit', 'rolls/buns']"
3041,"['other vegetables', 'soda', 'root vegetables', 'sausage', 'pastry', 'whole milk']"
3049,"['whole milk', 'yogurt', 'sausage', 'citrus fruit', 'shopping bags', 'soda']"
3053,"['whole milk', 'other vegetables', 'bottled water', 'shopping bags', 'curd', 'soda']"
3061,"['whole milk', 'rolls/buns', 'pip fruit', 'whipped/sour cream', 'frankfurter', 'other vegetables']"
3064,"['other vegetables', 'rolls/buns', 'bottled beer', 'pork', 'frozen vegetables', 'whole milk']"
3075,"['rolls/buns', 'root vegetables', 'whipped/sour cream', 'coffee', 'hard cheese', 'yogurt']"
3076,"['rolls/buns', 'soda', 'frankfurter', 'salty snack', 'butter milk', 'other vegetables']"
3079,"['rolls/buns', 'soda', 'frankfurter', 'frozen vegetables', 'chicken', 'other vegetables']"
3085,"['whole milk', 'soda', 'yogurt', 'pip fruit', 'newspapers', 'rolls/buns']"
3088,"['whole milk', 'rolls/buns', 'bottled water', 'newspapers', 'frankfurter', 'other vegetables']"
3089,"['other vegetables', 'soda', 'yogurt', 'sausage', 'citrus fruit', 'whole milk']"
3093,"['other vegetables', 'yogurt', 'shopping bags', 'pork', 'pet care', 'soda']"
3101,"['other vegetables', 'yogurt', 'citrus fruit', 'bottled beer', 'brown bread', 'whole milk']"
3103,"['whole milk', 'citrus fruit', 'domestic eggs', 'pork', 'misc. beverages', 'other vegetables']"
3125,"['whole milk', 'root vegetables', 'pip fruit', 'newspapers', 'oil', 'rolls/buns']"
3130,"['rolls/buns', 'yogurt', 'bottled water', 'sausage', 'pip fruit', 'whole milk']"
3132,"['pastry', 'frozen vegetables', 'chicken', 'cream cheese ', 'UHT-milk', 'rolls/buns']"
3135,"['rolls/buns', 'yogurt', 'tropical fruit', 'sausage', 'pip fruit', 'whole milk']"
3138,"['other vegetables', 'root vegetables', 'citrus fruit', 'pip fruit', 'canned beer', 'rolls/buns']"
3147,"['whole milk', 'yogurt', 'root vegetables', 'citrus fruit', 'pip fruit', 'rolls/buns']"
3151,"['whole milk', 'rolls/buns', 'soda', 'bottled water', 'frankfurter', 'other vegetables']"
3152,"['whole milk', 'sausage', 'citrus fruit', 'processed cheese', 'seasonal products', 'rolls/buns']"
3156,"['root vegetables', 'tropical fruit', 'bottled water', 'pastry', 'pip fruit', 'rolls/buns']"
3160,"['whole milk', 'other vegetables', 'sausage', 'pip fruit', 'shopping bags', 'rolls/buns', 'soda']"
3169,"['other vegetables', 'soda', 'root vegetables', 'sausage', 'citrus fruit', 'whole milk']"
3170,"['whole milk', 'other vegetables', 'yogurt', 'root vegetables', 'shopping bags', 'soda']"
3173,"['root vegetables', 'pastry', 'whipped/sour cream', 'pork', 'coffee', 'other vegetables']"
3174,"['root vegetables', 'tropical fruit', 'bottled water', 'bottled beer', 'brown bread', 'whole milk']"
3185,"['whole milk', 'bottled water', 'pastry', 'bottled beer', 'pork', 'other vegetables']"
3191,"['bottled water', 'citrus fruit', 'whipped/sour cream', 'newspapers', 'domestic eggs', 'whole milk']"
3197,"['root vegetables', 'tropical fruit', 'frankfurter', 'margarine', 'sliced cheese', 'other vegetables']"
3198,"['root vegetables', 'tropical fruit', 'bottled water', 'sausage', 'citrus fruit', 'whole milk']"
3199,"['other vegetables', 'root vegetables', 'newspapers', 'domestic eggs', 'berries', 'whole milk']"
3207,"['other vegetables', 'soda', 'tropical fruit', 'bottled water', 'pip fruit', 'rolls/buns']"
3210,"['whole milk', 'other vegetables', 'bottled water', 'citrus fruit', 'shopping bags', 'soda']"
3218,"['yogurt', 'root vegetables', 'tropical fruit', 'sausage', 'citrus fruit', 'whole milk']"
3223,"['soda', 'tropical fruit', 'canned beer', 'pork', 'frozen vegetables', 'other vegetables']"
3228,"['other vegetables', 'rolls/buns', 'curd', 'butter milk', 'grapes', 'soda']"
3231,"['yogurt', 'root vegetables', 'tropical fruit', 'sausage', 'pastry', 'whole milk']"
3234,"['soda', 'yogurt', 'tropical fruit', 'citrus fruit', 'bottled beer', 'whole milk']"
3240,"['soda', 'citrus fruit', 'canned beer', 'candy', 'mustard', 'whole milk']"
3242,"['other vegetables', 'yogurt', 'bottled water', 'shopping bags', 'bottled beer', 'soda', 'whole milk']"
3244,"['whole milk', 'rolls/buns', 'yogurt', 'newspapers', 'frankfurter', 'other vegetables']"
3249,"['bottled beer', 'cream cheese ', 'dessert', 'ham', 'sugar', 'whole milk']"
3259,"['yogurt', 'shopping bags', 'canned beer', 'newspapers', 'coffee', 'soda']"
3260,"['whole milk', 'yogurt', 'tropical fruit', 'bottled water', 'shopping bags', 'soda']"
3263,"['whole milk', 'soda', 'yogurt', 'pastry', 'pip fruit', 'rolls/buns']"
3265,"['whole milk', 'bottled water', 'pastry', 'pip fruit', 'domestic eggs', 'rolls/buns']"
3282,"['soda', 'yogurt', 'root vegetables', 'tropical fruit', 'sausage', 'whole milk']"
3284,"['whole milk', 'rolls/buns', 'sausage', 'shopping bags', 'brown bread', 'soda']"
3286,"['domestic eggs', 'hamburger meat', 'herbs', 'soft cheese', 'finished products', 'whole milk']"
3288,"['whole milk', 'other vegetables', 'bottled water', 'sausage', 'pip fruit', 'rolls/buns']"
3290,"['rolls/buns', 'soda', 'sausage', 'napkins', 'semi-finished bread', 'whole milk']"
3292,"['whole milk', 'yogurt', 'root vegetables', 'pip fruit', 'shopping bags', 'rolls/buns', 'soda']"
3293,"['soda', 'yogurt', 'sausage', 'bottled beer', 'pork', 'whole milk', 'other vegetables']"
3305,"['yogurt', 'tropical fruit', 'shopping bags', 'canned beer', 'newspapers', 'soda']"
3309,"['whole milk', 'other vegetables', 'root vegetables', 'tropical fruit', 'shopping bags', 'soda']"
3313,"['root vegetables', 'tropical fruit', 'bottled water', 'bottled beer', 'hard cheese', 'whole milk', 'yogurt']"
3320,"['other vegetables', 'soda', 'bottled water', 'berries', 'processed cheese', 'rolls/buns']"
3330,"['whole milk', 'bottled water', 'curd', 'hamburger meat', 'frozen meals', 'soda']"
3334,"['whole milk', 'other vegetables', 'soda', 'sausage', 'pip fruit', 'rolls/buns']"
3339,"['whole milk', 'bottled beer', 'canned beer', 'pork', 'butter', 'other vegetables']"
3341,"['rolls/buns', 'pip fruit', 'bottled beer', 'canned beer', 'brown bread', 'whole milk']"
3343,"['whole milk', 'rolls/buns', 'root vegetables', 'bottled beer', 'frankfurter', 'other vegetables']"
3346,"['soda', 'tropical fruit', 'margarine', 'chicken', 'napkins', 'rolls/buns']"
3349,"['rolls/buns', 'yogurt', 'tropical fruit', 'pip fruit', 'frankfurter', 'other vegetables']"
3351,"['whole milk', 'soda', 'bottled water', 'pastry', 'pip fruit', 'rolls/buns']"
3355,"['other vegetables', 'rolls/buns', 'soda', 'yogurt', 'bottled beer', 'whole milk']"
3359,"['whole milk', 'bottled beer', 'butter', 'frozen meals', 'misc. beverages', 'soda']"
3366,"['whole milk', 'yogurt', 'newspapers', 'napkins', 'white bread', 'other vegetables']"
3367,"['sausage', 'pip fruit', 'fruit/vegetable juice', 'long life bakery product', 'whole milk', 'rolls/buns']"
3370,"['other vegetables', 'rolls/buns', 'soda', 'sausage', 'citrus fruit', 'whole milk']"
3382,"['rolls/buns', 'tropical fruit', 'bottled water', 'pip fruit', 'bottled beer', 'whole milk']"
3391,"['frankfurter', 'coffee', 'beverages', 'semi-finished bread', 'other vegetables', 'whole milk']"
3395,"['whole milk', 'rolls/buns', 'soda', 'frankfurter', 'salty snack', 'other vegetables']"
3403,"['bottled water', 'sausage', 'pastry', 'pip fruit', 'shopping bags', 'whole milk', 'rolls/buns', 'soda']"
3408,"['rolls/buns', 'root vegetables', 'tropical fruit', 'bottled water', 'sausage', 'whole milk']"
3416,"['other vegetables', 'rolls/buns', 'root vegetables', 'sausage', 'pastry', 'whole milk']"
3418,"['other vegetables', 'rolls/buns', 'yogurt', 'shopping bags', 'bottled beer', 'soda', 'whole milk']"
3420,"['whole milk', 'yogurt', 'root vegetables', 'citrus fruit', 'pip fruit', 'rolls/buns']"
3423,"['whole milk', 'soda', 'bottled water', 'sausage', 'pip fruit', 'rolls/buns']"
3424,"['rolls/buns', 'yogurt', 'root vegetables', 'shopping bags', 'canned beer', 'soda']"
3426,"['yogurt', 'root vegetables', 'bottled water', 'pork', 'UHT-milk', 'other vegetables']"
3428,"['other vegetables', 'yogurt', 'root vegetables', 'pip fruit', 'brown bread', 'rolls/buns']"
3433,"['whole milk', 'root vegetables', 'pip fruit', 'whipped/sour cream', 'domestic eggs', 'rolls/buns']"
3434,"['rolls/buns', 'soda', 'sausage', 'butter', 'coffee', 'whole milk']"
3435,"['rolls/buns', 'yogurt', 'tropical fruit', 'bottled water', 'sausage', 'whole milk']"
3436,"['chicken', 'cream cheese ', 'UHT-milk', 'waffles', 'long life bakery product', 'rolls/buns']"
3440,"['whole milk', 'yogurt', 'citrus fruit', 'pip fruit', 'pork', 'rolls/buns', 'other vegetables']"
3448,"['bottled beer', 'beef', 'cream cheese ', 'dessert', 'onions', 'whole milk']"
3450,"['other vegetables', 'rolls/buns', 'tropical fruit', 'pastry', 'shopping bags', 'soda']"
3451,"['rolls/buns', 'soda', 'yogurt', 'tropical fruit', 'sausage', 'whole milk']"
3454,"['other vegetables', 'soda', 'bottled beer', 'canned beer', 'frankfurter', 'whole milk']"
3457,"['whole milk', 'yogurt', 'root vegetables', 'bottled water', 'pip fruit', 'rolls/buns']"
3463,"['other vegetables', 'rolls/buns', 'soda', 'yogurt', 'sausage', 'whole milk']"
3464,"['yogurt', 'brown bread', 'chocolate', 'waffles', 'specialty chocolate', 'rolls/buns']"
3468,"['other vegetables', 'tropical fruit', 'pastry', 'shopping bags', 'canned beer', 'soda']"
3477,"['root vegetables', 'tropical fruit', 'bottled water', 'bottled beer', 'brown bread', 'whole milk']"
3479,"['rolls/buns', 'soda', 'sausage', 'pip fruit', 'frankfurter', 'whole milk', 'other vegetables']"
3481,"['whole milk', 'other vegetables', 'soda', 'yogurt', 'pip fruit', 'rolls/buns']"
3498,"['other vegetables', 'root vegetables', 'bottled water', 'sausage', 'citrus fruit', 'whole milk']"
3513,"['other vegetables', 'rolls/buns', 'pastry', 'bottled beer', 'canned beer', 'whole milk']"
3519,"['other vegetables', 'rolls/buns', 'root vegetables', 'bottled water', 'sausage', 'whole milk']"
3527,"['whole milk', 'soda', 'root vegetables', 'citrus fruit', 'pip fruit', 'rolls/buns']"
3530,"['soda', 'tropical fruit', 'shopping bags', 'domestic eggs', 'chocolate', 'whole milk']"
3532,"['other vegetables', 'butter', 'coffee', 'UHT-milk', 'waffles', 'rolls/buns']"
3538,"['yogurt', 'citrus fruit', 'pastry', 'shopping bags', 'white bread', 'soda', 'other vegetables']"
3553,"['other vegetables', 'domestic eggs', 'ham', 'hard cheese', 'whole milk', 'yogurt']"
3554,"['other vegetables', 'rolls/buns', 'root vegetables', 'sausage', 'citrus fruit', 'whole milk']"
3557,"['other vegetables', 'yogurt', 'root vegetables', 'bottled water', 'shopping bags', 'soda']"
3565,"['bottled water', 'sausage', 'pip fruit', 'shopping bags', 'newspapers', 'whole milk', 'rolls/buns', 'soda']"
3566,"['other vegetables', 'root vegetables', 'bottled water', 'sausage', 'whipped/sour cream', 'whole milk']"
3567,"['other vegetables', 'yogurt', 'root vegetables', 'sausage', 'pip fruit', 'whole milk', 'rolls/buns']"
3568,"['other vegetables', 'yogurt', 'root vegetables', 'citrus fruit', 'bottled beer', 'whole milk']"
3576,"['whole milk', 'sausage', 'pastry', 'brown bread', 'frankfurter', 'other vegetables']"
3577,"['whole milk', 'rolls/buns', 'bottled water', 'shopping bags', 'whipped/sour cream', 'soda']"
3597,"['other vegetables', 'soda', 'root vegetables', 'sausage', 'pork', 'whole milk']"
3599,"['other vegetables', 'bottled water', 'citrus fruit', 'bottled beer', 'domestic eggs', 'whole milk']"
3603,"['whole milk', 'other vegetables', 'root vegetables', 'shopping bags', 'brown bread', 'soda']"
3608,"['whole milk', 'other vegetables', 'rolls/buns', 'sausage', 'shopping bags', 'soda']"
3614,"['other vegetables', 'tropical fruit', 'citrus fruit', 'pastry', 'pip fruit', 'rolls/buns']"
3615,"['whole milk', 'sausage', 'citrus fruit', 'pip fruit', 'shopping bags', 'rolls/buns', 'soda']"
3617,"['other vegetables', 'pastry', 'bottled beer', 'brown bread', 'frankfurter', 'whole milk']"
3619,"['other vegetables', 'rolls/buns', 'soda', 'tropical fruit', 'sausage', 'whole milk']"
3624,"['root vegetables', 'shopping bags', 'butter', 'dessert', 'hard cheese', 'soda', 'yogurt']"
3638,"['citrus fruit', 'pip fruit', 'pork', 'fruit/vegetable juice', 'chicken', 'rolls/buns', 'other vegetables']"
3644,"['yogurt', 'tropical fruit', 'pastry', 'bottled beer', 'frankfurter', 'whole milk', 'other vegetables']"
3645,"['rolls/buns', 'soda', 'yogurt', 'bottled water', 'sausage', 'whole milk']"
3652,"['onions', 'chewing gum', 'white wine', 'soft cheese', 'frozen potato products', 'whole milk']"
3653,"['other vegetables', 'rolls/buns', 'yogurt', 'tropical fruit', 'sausage', 'whole milk']"
3658,"['whole milk', 'soda', 'yogurt', 'pip fruit', 'bottled beer', 'rolls/buns']"
3661,"['whole milk', 'other vegetables', 'pastry', 'pip fruit', 'shopping bags', 'rolls/buns', 'soda']"
3671,"['whole milk', 'other vegetables', 'rolls/buns', 'root vegetables', 'shopping bags', 'soda']"
3675,"['whole milk', 'rolls/buns', 'pastry', 'pork', 'butter', 'other vegetables']"
3696,"['yogurt', 'bottled water', 'citrus fruit', 'pastry', 'domestic eggs', 'whole milk']"
3697,"['rolls/buns', 'soda', 'yogurt', 'sausage', 'pip fruit', 'whole milk']"
3703,"['rolls/buns', 'yogurt', 'root vegetables', 'canned beer', 'domestic eggs', 'whole milk']"
3706,"['onions', 'chewing gum', 'white wine', 'soft cheese', 'frozen potato products', 'whole milk']"
3708,"['whole milk', 'bottled water', 'pastry', 'pip fruit', 'shopping bags', 'rolls/buns', 'soda']"
3714,"['other vegetables', 'domestic eggs', 'ham', 'hard cheese', 'whole milk', 'yogurt']"
3720,"['soda', 'root vegetables', 'bottled water', 'sausage', 'pastry', 'whole milk']"
3724,"['other vegetables', 'sausage', 'citrus fruit', 'fruit/vegetable juice', 'curd', 'whole milk']"
3730,"['other vegetables', 'rolls/buns', 'yogurt', 'tropical fruit', 'sausage', 'whole milk']"
3733,"['whole milk', 'yogurt', 'root vegetables', 'pastry', 'pip fruit', 'rolls/buns']"
3735,"['whole milk', 'rolls/buns', 'pastry', 'pip fruit', 'shopping bags', 'soda']"
3739,"['rolls/buns', 'soda', 'frankfurter', 'salty snack', 'butter milk', 'other vegetables']"
3748,"['whole milk', 'other vegetables', 'soda', 'pastry', 'pip fruit', 'rolls/buns']"
3749,"['whole milk', 'other vegetables', 'tropical fruit', 'bottled water', 'pip fruit', 'rolls/buns']"
3755,"['other vegetables', 'root vegetables', 'newspapers', 'beef', 'ice cream', 'rolls/buns']"
3759,"['whole milk', 'other vegetables', 'soda', 'pip fruit', 'newspapers', 'rolls/buns']"
3765,"['soda', 'yogurt', 'tropical fruit', 'bottled water', 'sausage', 'whole milk']"
3767,"['other vegetables', 'rolls/buns', 'bottled beer', 'butter', 'margarine', 'whole milk']"
3770,"['whole milk', 'pip fruit', 'frankfurter', 'curd', 'cream cheese ', 'rolls/buns', 'other vegetables']"
3771,"['whole milk', 'other vegetables', 'bottled water', 'salty snack', 'dishes', 'rolls/buns']"
3773,"['soda', 'tropical fruit', 'bottled water', 'pastry', 'bottled beer', 'whole milk']"
3780,"['other vegetables', 'rolls/buns', 'domestic eggs', 'coffee', 'cling film/bags', 'whole milk']"
3781,"['soda', 'yogurt', 'tropical fruit', 'pip fruit', 'bottled beer', 'rolls/buns', 'whole milk']"
3785,"['other vegetables', 'soda', 'root vegetables', 'tropical fruit', 'sausage', 'whole milk']"
3787,"['yogurt', 'pip fruit', 'whipped/sour cream', 'brown bread', 'domestic eggs', 'rolls/buns', 'whole milk']"
3790,"['yogurt', 'sausage', 'pip fruit', 'brown bread', 'domestic eggs', 'whole milk', 'rolls/buns']"
3795,"['soda', 'yogurt', 'pastry', 'bottled beer', 'newspapers', 'whole milk']"
3802,"['yogurt', 'root vegetables', 'sausage', 'citrus fruit', 'frankfurter', 'whole milk', 'other vegetables']"
3806,"['tropical fruit', 'pip fruit', 'canned beer', 'butter', 'beef', 'rolls/buns']"
3807,"['rolls/buns', 'yogurt', 'pip fruit', 'canned beer', 'frankfurter', 'other vegetables']"
3809,"['whole milk', 'other vegetables', 'root vegetables', 'bottled water', 'shopping bags', 'soda']"
3810,"['other vegetables', 'yogurt', 'bottled water', 'sausage', 'butter', 'whole milk']"
3825,"['shopping bags', 'canned beer', 'chicken', 'cream cheese ', 'beverages', 'soda', 'rolls/buns']"
3837,"['other vegetables', 'root vegetables', 'shopping bags', 'whipped/sour cream', 'newspapers', 'soda']"
3843,"['rolls/buns', 'tropical fruit', 'bottled water', 'citrus fruit', 'shopping bags', 'soda']"
3847,"['rolls/buns', 'yogurt', 'bottled water', 'sausage', 'pastry', 'whole milk']"
3869,"['other vegetables', 'rolls/buns', 'yogurt', 'root vegetables', 'shopping bags', 'soda']"
3871,"['tropical fruit', 'brown bread', 'margarine', 'waffles', 'salty snack', 'rolls/buns']"
3876,"['other vegetables', 'rolls/buns', 'yogurt', 'sausage', 'pip fruit', 'whole milk']"
3882,"['whole milk', 'tropical fruit', 'pip fruit', 'bottled beer', 'newspapers', 'rolls/buns']"
3888,"['other vegetables', 'soda', 'sausage', 'shopping bags', 'pork', 'whole milk']"
3898,"['other vegetables', 'soda', 'yogurt', 'sausage', 'pastry', 'whole milk']"
3904,"['sausage', 'citrus fruit', 'pastry', 'brown bread', 'newspapers', 'whole milk']"
3908,"['sausage', 'pastry', 'pip fruit', 'canned beer', 'dessert', 'whole milk', 'rolls/buns']"
3914,"['rolls/buns', 'tropical fruit', 'citrus fruit', 'shopping bags', 'canned beer', 'soda']"
3918,"['other vegetables', 'rolls/buns', 'yogurt', 'citrus fruit', 'shopping bags', 'soda']"
3929,"['rolls/buns', 'yogurt', 'root vegetables', 'sausage', 'citrus fruit', 'whole milk']"
3934,"['whole milk', 'other vegetables', 'rolls/buns', 'bottled water', 'shopping bags', 'soda']"
3935,"['other vegetables', 'rolls/buns', 'yogurt', 'root vegetables', 'sausage', 'whole milk']"
3936,"['other vegetables', 'domestic eggs', 'ham', 'hard cheese', 'whole milk', 'yogurt']"
3939,"['other vegetables', 'soda', 'sausage', 'pip fruit', 'shopping bags', 'whole milk', 'rolls/buns']"
3940,"['root vegetables', 'pip fruit', 'shopping bags', 'oil', 'semi-finished bread', 'rolls/buns', 'soda', 'whole milk']"
3941,"['other vegetables', 'bottled water', 'pastry', 'pip fruit', 'shopping bags', 'rolls/buns', 'soda']"
3943,"['other vegetables', 'rolls/buns', 'bottled beer', 'canned beer', 'beef', 'whole milk']"
3947,"['citrus fruit', 'pip fruit', 'newspapers', 'cream cheese ', 'oil', 'rolls/buns', 'whole milk']"
3953,"['rolls/buns', 'soda', 'pip fruit', 'shopping bags', 'bottled beer', 'whole milk']"
3958,"['rolls/buns', 'soda', 'citrus fruit', 'brown bread', 'pork', 'other vegetables']"
3973,"['other vegetables', 'rolls/buns', 'root vegetables', 'pip fruit', 'domestic eggs', 'whole milk']"
3976,"['other vegetables', 'rolls/buns', 'tropical fruit', 'sausage', 'citrus fruit', 'whole milk']"
3978,"['whole milk', 'rolls/buns', 'yogurt', 'pip fruit', 'shopping bags', 'soda']"
3981,"['other vegetables', 'sausage', 'domestic eggs', 'hamburger meat', 'finished products', 'whole milk']"
3984,"['other vegetables', 'soda', 'bottled beer', 'canned beer', 'frankfurter', 'whole milk']"
3992,"['citrus fruit', 'shopping bags', 'bottled beer', 'whipped/sour cream', 'chicken', 'soda', 'whole milk', 'rolls/buns']"
4006,"['whole milk', 'other vegetables', 'root vegetables', 'sausage', 'shopping bags', 'soda']"
4008,"['other vegetables', 'tropical fruit', 'pip fruit', 'shopping bags', 'whipped/sour cream', 'rolls/buns', 'soda']"
4013,"['soda', 'yogurt', 'root vegetables', 'tropical fruit', 'sausage', 'whole milk']"
4017,"['soda', 'yogurt', 'tropical fruit', 'bottled water', 'sausage', 'whole milk']"
4022,"['other vegetables', 'soda', 'citrus fruit', 'bottled beer', 'domestic eggs', 'whole milk']"
4027,"['soda', 'yogurt', 'pastry', 'whipped/sour cream', 'pork', 'other vegetables']"
4033,"['whole milk', 'root vegetables', 'shopping bags', 'canned beer', 'whipped/sour cream', 'soda']"
4037,"['other vegetables', 'soda', 'yogurt', 'root vegetables', 'sausage', 'whole milk']"
4046,"['other vegetables', 'soda', 'yogurt', 'root vegetables', 'pip fruit', 'rolls/buns']"
4047,"['soda', 'sausage', 'shopping bags', 'canned beer', 'frankfurter', 'whole milk', 'other vegetables']"
4055,"['other vegetables', 'pip fruit', 'brown bread', 'fruit/vegetable juice', 'coffee', 'rolls/buns']"
4060,"['whole milk', 'tropical fruit', 'bottled water', 'pip fruit', 'canned beer', 'rolls/buns']"
4061,"['whole milk', 'citrus fruit', 'canned beer', 'margarine', 'white bread', 'other vegetables']"
4067,"['other vegetables', 'pastry', 'shopping bags', 'bottled beer', 'domestic eggs', 'soda', 'whole milk']"
4070,"['other vegetables', 'shopping bags', 'canned beer', 'brown bread', 'curd', 'soda']"
4071,"['rolls/buns', 'soda', 'sausage', 'butter', 'cream cheese ', 'whole milk']"
4073,"['yogurt', 'tropical fruit', 'bottled water', 'bottled beer', 'whipped/sour cream', 'whole milk']"
4074,"['yogurt', 'tropical fruit', 'sausage', 'pastry', 'bottled beer', 'whole milk']"
4076,"['whole milk', 'other vegetables', 'pip fruit', 'coffee', 'meat', 'rolls/buns']"
4079,"['whole milk', 'root vegetables', 'frankfurter', 'curd', 'beverages', 'other vegetables']"
4081,"['whole milk', 'rolls/buns', 'yogurt', 'pip fruit', 'shopping bags', 'soda']"
4083,"['yogurt', 'shopping bags', 'newspapers', 'fruit/vegetable juice', 'chocolate', 'soda']"
4088,"['whole milk', 'root vegetables', 'bottled water', 'sausage', 'frankfurter', 'other vegetables']"
4089,"['rolls/buns', 'yogurt', 'tropical fruit', 'bottled water', 'sausage', 'whole milk']"
4090,"['other vegetables', 'yogurt', 'tropical fruit', 'sausage', 'shopping bags', 'whole milk', 'soda']"
4096,"['soda', 'yogurt', 'bottled beer', 'margarine', 'frozen vegetables', 'whole milk']"
4099,"['tropical fruit', 'bottled water', 'fruit/vegetable juice', 'chicken', 'dessert', 'rolls/buns']"
4117,"['other vegetables', 'rolls/buns', 'tropical fruit', 'bottled water', 'sausage', 'whole milk']"
4120,"['rolls/buns', 'yogurt', 'bottled water', 'sausage', 'pip fruit', 'whole milk']"
4122,"['whole milk', 'rolls/buns', 'bottled water', 'canned beer', 'frankfurter', 'other vegetables']"
4126,"['other vegetables', 'rolls/buns', 'tropical fruit', 'pip fruit', 'domestic eggs', 'whole milk']"
4136,"['other vegetables', 'root vegetables', 'tropical fruit', 'sausage', 'citrus fruit', 'whole milk']"
4141,"['brown bread', 'frankfurter', 'chocolate', 'frozen meals', 'frozen fish', 'other vegetables', 'soda']"
4143,"['other vegetables', 'rolls/buns', 'soda', 'pastry', 'bottled beer', 'whole milk']"
4144,"['whole milk', 'bottled beer', 'napkins', 'waffles', 'ham', 'rolls/buns']"
4145,"['tropical fruit', 'sausage', 'pastry', 'shopping bags', 'bottled beer', 'whole milk', 'soda']"
4149,"['other vegetables', 'soda', 'root vegetables', 'sausage', 'citrus fruit', 'whole milk']"
4158,"['root vegetables', 'shopping bags', 'butter', 'dessert', 'hard cheese', 'soda', 'yogurt']"
4159,"['other vegetables', 'tropical fruit', 'fruit/vegetable juice', 'candy', 'canned fish', 'whole milk']"
4168,"['rolls/buns', 'yogurt', 'tropical fruit', 'sausage', 'pip fruit', 'whole milk']"
4170,"['other vegetables', 'rolls/buns', 'sausage', 'canned beer', 'frankfurter', 'whole milk']"
4171,"['whole milk', 'newspapers', 'cream cheese ', 'butter milk', 'ice cream', 'rolls/buns']"
4174,"['rolls/buns', 'soda', 'citrus fruit', 'coffee', 'candy', 'whole milk']"
4175,"['other vegetables', 'rolls/buns', 'soda', 'bottled beer', 'newspapers', 'whole milk']"
4176,"['whole milk', 'other vegetables', 'rolls/buns', 'bottled water', 'shopping bags', 'soda']"
4186,"['whole milk', 'yogurt', 'whipped/sour cream', 'domestic eggs', 'pork', 'other vegetables']"
4189,"['rolls/buns', 'soda', 'sausage', 'pastry', 'frankfurter', 'whole milk', 'other vegetables']"
4195,"['whole milk', 'other vegetables', 'rolls/buns', 'shopping bags', 'bottled beer', 'soda']"
4200,"['whole milk', 'root vegetables', 'shopping bags', 'coffee', 'hamburger meat', 'soda']"
4202,"['other vegetables', 'rolls/buns', 'soda', 'citrus fruit', 'bottled beer', 'whole milk']"
4210,"['other vegetables', 'tropical fruit', 'shopping bags', 'beef', 'chicken', 'soda', 'rolls/buns']"
4211,"['whole milk', 'rolls/buns', 'tropical fruit', 'bottled beer', 'pork', 'other vegetables']"
4216,"['rolls/buns', 'soda', 'root vegetables', 'sausage', 'citrus fruit', 'whole milk']"
4219,"['root vegetables', 'citrus fruit', 'pastry', 'shopping bags', 'fruit/vegetable juice', 'soda']"
4224,"['rolls/buns', 'soda', 'bottled water', 'pastry', 'bottled beer', 'whole milk']"
4227,"['soda', 'yogurt', 'tropical fruit', 'whipped/sour cream', 'pork', 'other vegetables']"
4231,"['chicken', 'cream cheese ', 'UHT-milk', 'waffles', 'salty snack', 'rolls/buns']"
4232,"['whole milk', 'root vegetables', 'bottled beer', 'domestic eggs', 'pork', 'other vegetables']"
4236,"['whole milk', 'root vegetables', 'tropical fruit', 'bottled water', 'pip fruit', 'rolls/buns']"
4243,"['other vegetables', 'root vegetables', 'sausage', 'canned beer', 'whipped/sour cream', 'whole milk']"
4244,"['other vegetables', 'tropical fruit', 'pastry', 'butter', 'oil', 'whole milk']"
4248,"['rolls/buns', 'pip fruit', 'shopping bags', 'whipped/sour cream', 'frankfurter', 'soda', 'other vegetables']"
4249,"['whole milk', 'yogurt', 'sausage', 'shopping bags', 'canned beer', 'soda']"
4250,"['whole milk', 'other vegetables', 'yogurt', 'sausage', 'shopping bags', 'soda']"
4252,"['whole milk', 'other vegetables', 'bottled water', 'shopping bags', 'bottled beer', 'soda']"
4254,"['whole milk', 'yogurt', 'root vegetables', 'pastry', 'pip fruit', 'rolls/buns']"
4261,"['whole milk', 'rolls/buns', 'tropical fruit', 'bottled water', 'shopping bags', 'soda']"
4282,"['rolls/buns', 'yogurt', 'root vegetables', 'chicken', 'meat', 'other vegetables']"
4288,"['rolls/buns', 'soda', 'bottled beer', 'canned beer', 'whipped/sour cream', 'whole milk']"
4289,"['whole milk', 'other vegetables', 'rolls/buns', 'tropical fruit', 'shopping bags', 'soda']"
4291,"['other vegetables', 'rolls/buns', 'soda', 'root vegetables', 'sausage', 'whole milk']"
4294,"['whole milk', 'other vegetables', 'rolls/buns', 'bottled water', 'shopping bags', 'soda']"
4306,"['whole milk', 'sausage', 'pastry', 'pip fruit', 'domestic eggs', 'rolls/buns']"
4310,"['whole milk', 'other vegetables', 'bottled water', 'pip fruit', 'brown bread', 'rolls/buns']"
4311,"['other vegetables', 'yogurt', 'tropical fruit', 'shopping bags', 'frozen meals', 'soda']"
4313,"['other vegetables', 'root vegetables', 'citrus fruit', 'pip fruit', 'shopping bags', 'rolls/buns', 'soda']"
4315,"['other vegetables', 'rolls/buns', 'soda', 'bottled water', 'sausage', 'whole milk']"
4317,"['other vegetables', 'shopping bags', 'canned beer', 'cream cheese ', 'butter milk', 'soda']"
4327,"['yogurt', 'bottled water', 'citrus fruit', 'pastry', 'domestic eggs', 'whole milk']"
4332,"['whole milk', 'pastry', 'bottled beer', 'domestic eggs', 'pork', 'other vegetables']"
4337,"['rolls/buns', 'tropical fruit', 'canned beer', 'domestic eggs', 'coffee', 'whole milk']"
4347,"['soda', 'root vegetables', 'tropical fruit', 'citrus fruit', 'pork', 'other vegetables']"
4353,"['other vegetables', 'rolls/buns', 'root vegetables', 'tropical fruit', 'bottled beer', 'whole milk']"
4356,"['soda', 'sausage', 'butter', 'chocolate', 'napkins', 'whole milk']"
4358,"['whole milk', 'tropical fruit', 'citrus fruit', 'pork', 'beef', 'other vegetables']"
4371,"['yogurt', 'bottled water', 'bottled beer', 'canned beer', 'brown bread', 'whole milk']"
4372,"['other vegetables', 'root vegetables', 'bottled water', 'sausage', 'pastry', 'whole milk']"
4378,"['rolls/buns', 'soda', 'bottled water', 'pip fruit', 'bottled beer', 'whole milk']"
4382,"['bottled beer', 'beef', 'hamburger meat', 'soft cheese', 'finished products', 'whole milk']"
4392,"['other vegetables', 'yogurt', 'shopping bags', 'whipped/sour cream', 'brown bread', 'soda']"
4396,"['yogurt', 'citrus fruit', 'shopping bags', 'coffee', 'pet care', 'soda']"
4400,"['whole milk', 'other vegetables', 'rolls/buns', 'pastry', 'shopping bags', 'soda']"
4411,"['yogurt', 'tropical fruit', 'sausage', 'pip fruit', 'shopping bags', 'whole milk', 'rolls/buns', 'soda']"
4412,"['rolls/buns', 'yogurt', 'root vegetables', 'sausage', 'pastry', 'whole milk']"
4419,"['other vegetables', 'root vegetables', 'citrus fruit', 'bottled beer', 'frozen meals', 'whole milk', 'soda']"
4422,"['bottled water', 'sausage', 'pastry', 'pip fruit', 'shopping bags', 'whole milk', 'rolls/buns', 'soda']"
4423,"['whole milk', 'yogurt', 'pip fruit', 'curd', 'long life bakery product', 'rolls/buns']"
4424,"['whole milk', 'yogurt', 'pastry', 'domestic eggs', 'pork', 'other vegetables']"
4435,"['other vegetables', 'yogurt', 'citrus fruit', 'pip fruit', 'whipped/sour cream', 'rolls/buns']"
4436,"['other vegetables', 'root vegetables', 'beef', 'waffles', 'sugar', 'rolls/buns']"
4458,"['other vegetables', 'soda', 'bottled water', 'pip fruit', 'domestic eggs', 'rolls/buns', 'whole milk']"
4463,"['whole milk', 'other vegetables', 'root vegetables', 'citrus fruit', 'pip fruit', 'rolls/buns']"
4464,"['other vegetables', 'rolls/buns', 'yogurt', 'pastry', 'domestic eggs', 'whole milk']"
4467,"['whole milk', 'soda', 'yogurt', 'tropical fruit', 'pip fruit', 'rolls/buns']"
4468,"['other vegetables', 'tropical fruit', 'bottled water', 'sausage', 'pip fruit', 'whole milk', 'rolls/buns']"
4478,"['soda', 'yogurt', 'bottled water', 'newspapers', 'pork', 'other vegetables']"
4480,"['rolls/buns', 'soda', 'tropical fruit', 'sausage', 'pastry', 'whole milk']"
4484,"['yogurt', 'bottled water', 'sausage', 'shopping bags', 'whipped/sour cream', 'whole milk', 'soda']"
4487,"['other vegetables', 'rolls/buns', 'tropical fruit', 'bottled water', 'sausage', 'whole milk']"
4488,"['soda', 'root vegetables', 'bottled beer', 'chicken', 'beverages', 'whole milk', 'rolls/buns']"
4504,"['other vegetables', 'soda', 'sausage', 'citrus fruit', 'bottled beer', 'whole milk']"
4507,"['rolls/buns', 'yogurt', 'sausage', 'citrus fruit', 'pastry', 'whole milk']"
4519,"['other vegetables', 'rolls/buns', 'soda', 'yogurt', 'sausage', 'whole milk']"
4532,"['other vegetables', 'rolls/buns', 'sausage', 'frankfurter', 'fruit/vegetable juice', 'whole milk']"
4537,"['other vegetables', 'sausage', 'bottled beer', 'brown bread', 'pork', 'whole milk']"
4553,"['other vegetables', 'rolls/buns', 'yogurt', 'domestic eggs', 'coffee', 'whole milk']"
4556,"['whole milk', 'other vegetables', 'yogurt', 'tropical fruit', 'pip fruit', 'rolls/buns']"
4558,"['other vegetables', 'tropical fruit', 'pip fruit', 'whipped/sour cream', 'pork', 'rolls/buns']"
4562,"['rolls/buns', 'soda', 'tropical fruit', 'frankfurter', 'salty snack', 'other vegetables']"
4565,"['whole milk', 'canned beer', 'specialty chocolate', 'ice cream', 'specialty bar', 'rolls/buns']"
4566,"['other vegetables', 'tropical fruit', 'pastry', 'pip fruit', 'shopping bags', 'rolls/buns', 'soda']"
4578,"['rolls/buns', 'yogurt', 'root vegetables', 'sausage', 'shopping bags', 'whole milk', 'soda']"
4581,"['other vegetables', 'rolls/buns', 'soda', 'yogurt', 'sausage', 'whole milk']"
4586,"['whole milk', 'other vegetables', 'rolls/buns', 'pastry', 'shopping bags', 'soda']"
4595,"['yogurt', 'bottled water', 'pip fruit', 'whipped/sour cream', 'domestic eggs', 'rolls/buns', 'whole milk']"
4610,"['whole milk', 'other vegetables', 'yogurt', 'pastry', 'pip fruit', 'rolls/buns']"
4622,"['whole milk', 'yogurt', 'tropical fruit', 'citrus fruit', 'shopping bags', 'soda']"
4623,"['rolls/buns', 'bottled water', 'shopping bags', 'whipped/sour cream', 'newspapers', 'soda']"
4625,"['other vegetables', 'soda', 'bottled water', 'shopping bags', 'bottled beer', 'whole milk']"
4626,"['other vegetables', 'yogurt', 'root vegetables', 'bottled water', 'sausage', 'whole milk']"
4627,"['whole milk', 'tropical fruit', 'pip fruit', 'canned beer', 'curd', 'rolls/buns']"
4630,"['whole milk', 'rolls/buns', 'citrus fruit', 'brown bread', 'grapes', 'soda']"
4631,"['soda', 'pip fruit', 'domestic eggs', 'curd', 'coffee', 'rolls/buns', 'whole milk']"
4640,"['other vegetables', 'rolls/buns', 'root vegetables', 'bottled water', 'shopping bags', 'soda']"
4647,"['other vegetables', 'soda', 'sausage', 'fruit/vegetable juice', 'frozen vegetables', 'whole milk']"
4653,"['rolls/buns', 'fruit/vegetable juice', 'curd', 'onions', 'frozen meals', 'soda']"
4682,"['other vegetables', 'root vegetables', 'sausage', 'citrus fruit', 'fruit/vegetable juice', 'whole milk']"
4706,"['whole milk', 'other vegetables', 'bottled water', 'sausage', 'pip fruit', 'rolls/buns']"
4713,"['yogurt', 'tropical fruit', 'citrus fruit', 'bottled beer', 'newspapers', 'whole milk']"
4714,"['whole milk', 'pastry', 'shopping bags', 'misc. beverages', 'candy', 'soda']"
4717,"['root vegetables', 'tropical fruit', 'citrus fruit', 'pip fruit', 'canned beer', 'rolls/buns']"
4724,"['whole milk', 'rolls/buns', 'citrus fruit', 'white bread', 'misc. beverages', 'other vegetables']"
4732,"['rolls/buns', 'soda', 'pastry', 'frankfurter', 'chocolate', 'other vegetables']"
4733,"['whole milk', 'other vegetables', 'root vegetables', 'citrus fruit', 'pip fruit', 'rolls/buns']"
4736,"['other vegetables', 'yogurt', 'tropical fruit', 'sausage', 'pastry', 'whole milk']"
4737,"['root vegetables', 'whipped/sour cream', 'domestic eggs', 'pork', 'misc. beverages', 'whole milk', 'other vegetables']"
4749,"['whole milk', 'root vegetables', 'tropical fruit', 'sausage', 'pip fruit', 'rolls/buns']"
4752,"['yogurt', 'tropical fruit', 'pip fruit', 'chicken', 'waffles', 'rolls/buns']"
4759,"['whole milk', 'other vegetables', 'sausage', 'pip fruit', 'bottled beer', 'rolls/buns']"
4768,"['yogurt', 'shopping bags', 'whipped/sour cream', 'pork', 'flour', 'soda', 'other vegetables']"
4769,"['other vegetables', 'yogurt', 'root vegetables', 'sausage', 'citrus fruit', 'whole milk']"
4771,"['other vegetables', 'sausage', 'citrus fruit', 'shopping bags', 'newspapers', 'whole milk', 'soda']"
4772,"['whole milk', 'rolls/buns', 'soda', 'whipped/sour cream', 'frankfurter', 'other vegetables']"
4774,"['other vegetables', 'tropical fruit', 'pip fruit', 'whipped/sour cream', 'chocolate', 'rolls/buns']"
4786,"['soda', 'yogurt', 'bottled water', 'pastry', 'pip fruit', 'rolls/buns']"
4790,"['whole milk', 'rolls/buns', 'root vegetables', 'pip fruit', 'shopping bags', 'soda']"
4791,"['other vegetables', 'sausage', 'citrus fruit', 'pastry', 'pip fruit', 'whole milk', 'rolls/buns']"
4798,"['other vegetables', 'rolls/buns', 'soda', 'yogurt', 'sausage', 'whole milk']"
4809,"['whole milk', 'soda', 'yogurt', 'brown bread', 'frankfurter', 'other vegetables']"
4811,"['whole milk', 'rolls/buns', 'yogurt', 'bottled water', 'shopping bags', 'soda']"
4818,"['whole milk', 'soda', 'tropical fruit', 'pastry', 'pip fruit', 'rolls/buns']"
4830,"['other vegetables', 'soda', 'citrus fruit', 'bottled beer', 'coffee', 'whole milk']"
4832,"['other vegetables', 'soda', 'bottled water', 'sausage', 'pastry', 'whole milk']"
4834,"['other vegetables', 'bottled water', 'sausage', 'frankfurter', 'margarine', 'whole milk']"
4841,"['other vegetables', 'yogurt', 'citrus fruit', 'pip fruit', 'canned beer', 'rolls/buns']"
4842,"['other vegetables', 'rolls/buns', 'soda', 'yogurt', 'sausage', 'whole milk']"
4843,"['whole milk', 'other vegetables', 'tropical fruit', 'bottled water', 'waffles', 'rolls/buns']"
4850,"['other vegetables', 'citrus fruit', 'pip fruit', 'canned beer', 'brown bread', 'rolls/buns']"
4856,"['root vegetables', 'whipped/sour cream', 'newspapers', 'ice cream', 'hygiene articles', 'rolls/buns']"
4857,"['whole milk', 'other vegetables', 'citrus fruit', 'frozen meals', 'misc. beverages', 'soda']"
4860,"['rolls/buns', 'bottled water', 'citrus fruit', 'pastry', 'shopping bags', 'soda']"
4863,"['yogurt', 'bottled water', 'bottled beer', 'whipped/sour cream', 'margarine', 'whole milk']"
4865,"['whole milk', 'other vegetables', 'pip fruit', 'whipped/sour cream', 'newspapers', 'rolls/buns']"
4866,"['rolls/buns', 'soda', 'sausage', 'citrus fruit', 'bottled beer', 'whole milk']"
4869,"['rolls/buns', 'soda', 'sausage', 'butter', 'coffee', 'whole milk']"
4870,"['rolls/buns', 'root vegetables', 'bottled beer', 'butter', 'fruit/vegetable juice', 'whole milk']"
4878,"['soda', 'tropical fruit', 'bottled beer', 'whipped/sour cream', 'newspapers', 'whole milk']"
4892,"['other vegetables', 'rolls/buns', 'soda', 'root vegetables', 'sausage', 'whole milk']"
4909,"['other vegetables', 'rolls/buns', 'root vegetables', 'bottled water', 'sausage', 'whole milk']"
4913,"['other vegetables', 'tropical fruit', 'pip fruit', 'whipped/sour cream', 'newspapers', 'rolls/buns']"
4920,"['whole milk', 'rolls/buns', 'yogurt', 'pastry', 'pork', 'other vegetables']"
4923,"['other vegetables', 'rolls/buns', 'soda', 'sausage', 'domestic eggs', 'whole milk']"
4925,"['rolls/buns', 'root vegetables', 'bottled water', 'shopping bags', 'whipped/sour cream', 'soda']"
4926,"['rolls/buns', 'shopping bags', 'coffee', 'white bread', 'salty snack', 'soda', 'other vegetables']"
4929,"['whole milk', 'other vegetables', 'root vegetables', 'bottled water', 'shopping bags', 'soda']"
4930,"['other vegetables', 'tropical fruit', 'misc. beverages', 'candy', 'canned fish', 'whole milk']"
4935,"['other vegetables', 'root vegetables', 'sausage', 'chicken', 'hamburger meat', 'whole milk', 'rolls/buns']"
4940,"['soda', 'yogurt', 'brown bread', 'domestic eggs', 'coffee', 'whole milk']"
4948,"['other vegetables', 'root vegetables', 'sausage', 'brown bread', 'curd', 'whole milk']"
4954,"['whole milk', 'root vegetables', 'frankfurter', 'curd', 'berries', 'other vegetables']"
4955,"['other vegetables', 'tropical fruit', 'shopping bags', 'pork', 'white bread', 'soda']"
4960,"['other vegetables', 'yogurt', 'root vegetables', 'bottled water', 'sausage', 'whole milk']"
4964,"['whole milk', 'yogurt', 'frankfurter', 'domestic eggs', 'oil', 'other vegetables']"
4965,"['whole milk', 'other vegetables', 'bottled water', 'pip fruit', 'bottled beer', 'rolls/buns']"
4967,"['rolls/buns', 'soda', 'pip fruit', 'frankfurter', 'beef', 'other vegetables']"
4969,"['other vegetables', 'soda', 'yogurt', 'bottled water', 'sausage', 'whole milk']"
4970,"['root vegetables', 'pastry', 'pip fruit', 'whipped/sour cream', 'fruit/vegetable juice', 'rolls/buns']"
4971,"['soda', 'sausage', 'fruit/vegetable juice', 'margarine', 'sugar', 'whole milk']"
4983,"['other vegetables', 'yogurt', 'root vegetables', 'pip fruit', 'shopping bags', 'rolls/buns', 'soda']"
4985,"['root vegetables', 'tropical fruit', 'sausage', 'shopping bags', 'butter', 'whole milk', 'soda']"
